<?xml version="1.0"?>
<pagescount>
	<html_total>20</html_total>
	<html_done>1</html_done>
	<images>7</images>
	<script/>
	<css>5</css>
	<pdf/>
	<documents/>
	<excel/>
	<powerpoint/>
	<flash/>
	<audios/>
	<videos/>
	<xml/>
	<json/>
	<txt/>
	<autocad/>
	<fonts>8</fonts>
	<scraping_reload>1</scraping_reload>
	<is_pretty_url>false</is_pretty_url>
	<is_ebn>false</is_ebn>
	<email>subashpoudel918@gmail.com</email>
	<theme_name>WmdTheme643609</theme_name>
	<server_url_front_page>https://www6.waybackmachinedownloader.com/wdo/files/demo/cengrs.com_subashpoudel918_gmail.com_w137w7t3iy/</server_url_front_page>
	<no_www_url>cengrs.com</no_www_url>
	<hosted_domain/>
	<original_archive_url>https://www.cengrs.com/</original_archive_url>
	<final_archive_url>https://www.cengrs.com/</final_archive_url>
	<front_page_code_date/>
	<total_urls_from_api/>
	<max_reached_live>false</max_reached_live>
	<scrape_other_captures>false</scrape_other_captures>
	<total_size>8</total_size>
</pagescount>
